Frequency (MHz),Level (dBm),Band Name,Peak Indicator
50.00,-108.04,Low VHF+FM,
50.01,-106.72,Low VHF+FM,
50.02,-106.91,Low VHF+FM,
50.03,-112.74,Low VHF+FM,
50.03,-111.20,Low VHF+FM,
50.04,-104.95,Low VHF+FM,
50.05,-106.76,Low VHF+FM,
50.06,-107.66,Low VHF+FM,
50.07,-111.34,Low VHF+FM,
50.08,-109.18,Low VHF+FM,
50.09,-106.57,Low VHF+FM,
50.10,-107.16,Low VHF+FM,
50.10,-108.06,Low VHF+FM,
50.11,-107.03,Low VHF+FM,
50.12,-102.54,Low VHF+FM,
50.13,-110.08,Low VHF+FM,
50.14,-105.97,Low VHF+FM,
50.15,-112.67,Low VHF+FM,
50.16,-107.89,Low VHF+FM,
50.17,-109.09,Low VHF+FM,
50.17,-108.69,Low VHF+FM,
50.18,-114.47,Low VHF+FM,
50.19,-102.70,Low VHF+FM,
50.20,-114.13,Low VHF+FM,
50.21,-111.97,Low VHF+FM,
50.22,-105.19,Low VHF+FM,
50.23,-111.18,Low VHF+FM,
50.23,-110.64,Low VHF+FM,
50.24,-107.16,Low VHF+FM,
50.25,-107.50,Low VHF+FM,
50.26,-109.41,Low VHF+FM,
50.27,-101.35,Low VHF+FM,
50.28,-114.98,Low VHF+FM,
50.29,-114.74,Low VHF+FM,
50.30,-113.69,Low VHF+FM,
50.30,-107.29,Low VHF+FM,
50.31,-111.20,Low VHF+FM,
50.32,-107.90,Low VHF+FM,
50.33,-115.26,Low VHF+FM,
50.34,-109.66,Low VHF+FM,
50.35,-108.37,Low VHF+FM,
50.36,-105.64,Low VHF+FM,
50.37,-108.70,Low VHF+FM,
50.37,-108.40,Low VHF+FM,
50.38,-107.77,Low VHF+FM,
50.39,-115.19,Low VHF+FM,
50.40,-110.16,Low VHF+FM,
50.41,-105.01,Low VHF+FM,
50.42,-105.29,Low VHF+FM,
50.43,-104.03,Low VHF+FM,
50.43,-104.57,Low VHF+FM,
50.44,-107.58,Low VHF+FM,
50.45,-113.44,Low VHF+FM,
50.46,-109.74,Low VHF+FM,
50.47,-105.87,Low VHF+FM,
50.48,-103.88,Low VHF+FM,
50.49,-108.02,Low VHF+FM,
50.50,-116.59,Low VHF+FM,
50.50,-109.74,Low VHF+FM,
50.51,-110.30,Low VHF+FM,
50.52,-109.28,Low VHF+FM,
50.53,-110.55,Low VHF+FM,
50.54,-114.76,Low VHF+FM,
50.55,-110.84,Low VHF+FM,
50.56,-110.79,Low VHF+FM,
50.57,-109.15,Low VHF+FM,
50.57,-109.10,Low VHF+FM,
50.58,-113.02,Low VHF+FM,
50.59,-110.72,Low VHF+FM,
50.60,-112.39,Low VHF+FM,
50.61,-108.12,Low VHF+FM,
50.62,-109.85,Low VHF+FM,
50.63,-107.55,Low VHF+FM,
50.63,-108.75,Low VHF+FM,
50.64,-109.14,Low VHF+FM,
50.65,-109.35,Low VHF+FM,
50.66,-108.06,Low VHF+FM,
50.67,-103.98,Low VHF+FM,
50.68,-105.91,Low VHF+FM,
50.69,-104.48,Low VHF+FM,
50.70,-108.23,Low VHF+FM,
50.70,-104.02,Low VHF+FM,
50.71,-112.31,Low VHF+FM,
50.72,-107.63,Low VHF+FM,
50.73,-111.99,Low VHF+FM,
50.74,-107.67,Low VHF+FM,
50.75,-109.53,Low VHF+FM,
50.76,-104.65,Low VHF+FM,
50.77,-107.15,Low VHF+FM,
50.77,-112.76,Low VHF+FM,
50.78,-109.40,Low VHF+FM,
50.79,-113.45,Low VHF+FM,
50.80,-112.13,Low VHF+FM,
50.81,-109.27,Low VHF+FM,
50.82,-112.15,Low VHF+FM,
50.83,-107.11,Low VHF+FM,
50.83,-112.02,Low VHF+FM,
50.84,-112.53,Low VHF+FM,
50.85,-110.81,Low VHF+FM,
50.86,-109.20,Low VHF+FM,
50.87,-108.41,Low VHF+FM,
50.88,-105.25,Low VHF+FM,
50.89,-108.69,Low VHF+FM,
50.90,-107.39,Low VHF+FM,
50.90,-110.27,Low VHF+FM,
50.91,-111.23,Low VHF+FM,
50.92,-110.57,Low VHF+FM,
50.93,-109.07,Low VHF+FM,
50.94,-111.53,Low VHF+FM,
50.95,-106.87,Low VHF+FM,
50.96,-107.06,Low VHF+FM,
50.97,-106.69,Low VHF+FM,
50.97,-110.84,Low VHF+FM,
50.98,-107.62,Low VHF+FM,
50.99,-108.48,Low VHF+FM,
51.00,-107.99,Low VHF+FM,
51.01,-112.54,Low VHF+FM,
51.02,-108.30,Low VHF+FM,
51.03,-108.87,Low VHF+FM,
51.03,-114.84,Low VHF+FM,
51.04,-107.53,Low VHF+FM,
51.05,-109.13,Low VHF+FM,
51.06,-112.13,Low VHF+FM,
51.07,-105.86,Low VHF+FM,
51.08,-112.04,Low VHF+FM,
51.09,-108.46,Low VHF+FM,
51.10,-110.62,Low VHF+FM,
51.10,-111.76,Low VHF+FM,
51.11,-109.35,Low VHF+FM,
51.12,-106.19,Low VHF+FM,
51.13,-113.48,Low VHF+FM,
51.14,-110.46,Low VHF+FM,
51.15,-108.82,Low VHF+FM,
51.16,-106.54,Low VHF+FM,
51.17,-107.42,Low VHF+FM,
51.17,-112.20,Low VHF+FM,
51.18,-107.34,Low VHF+FM,
51.19,-108.49,Low VHF+FM,
51.20,-106.99,Low VHF+FM,
51.21,-107.52,Low VHF+FM,
51.22,-111.49,Low VHF+FM,
51.23,-111.99,Low VHF+FM,
51.23,-110.46,Low VHF+FM,
51.24,-113.74,Low VHF+FM,
51.25,-107.28,Low VHF+FM,
51.26,-107.14,Low VHF+FM,
51.27,-106.43,Low VHF+FM,
51.28,-109.73,Low VHF+FM,
51.29,-107.87,Low VHF+FM,
51.30,-106.17,Low VHF+FM,
51.30,-110.28,Low VHF+FM,
51.31,-105.96,Low VHF+FM,
51.32,-109.36,Low VHF+FM,
51.33,-113.69,Low VHF+FM,
51.34,-116.87,Low VHF+FM,
51.35,-110.12,Low VHF+FM,
51.36,-108.88,Low VHF+FM,
51.37,-103.80,Low VHF+FM,
51.37,-107.12,Low VHF+FM,
51.38,-114.13,Low VHF+FM,
51.39,-106.27,Low VHF+FM,
51.40,-106.84,Low VHF+FM,
51.41,-108.91,Low VHF+FM,
51.42,-110.78,Low VHF+FM,
51.43,-108.34,Low VHF+FM,
51.43,-108.11,Low VHF+FM,
51.44,-107.47,Low VHF+FM,
51.45,-107.26,Low VHF+FM,
51.46,-110.49,Low VHF+FM,
51.47,-108.12,Low VHF+FM,
51.48,-107.31,Low VHF+FM,
51.49,-105.81,Low VHF+FM,
51.50,-106.90,Low VHF+FM,
51.50,-111.54,Low VHF+FM,
51.51,-105.74,Low VHF+FM,
51.52,-111.28,Low VHF+FM,
51.53,-109.75,Low VHF+FM,
51.54,-114.13,Low VHF+FM,
51.55,-108.99,Low VHF+FM,
51.56,-112.71,Low VHF+FM,
51.57,-113.31,Low VHF+FM,
51.57,-108.02,Low VHF+FM,
51.58,-111.24,Low VHF+FM,
51.59,-110.96,Low VHF+FM,
51.60,-107.11,Low VHF+FM,
51.61,-113.49,Low VHF+FM,
51.62,-113.21,Low VHF+FM,
51.63,-111.41,Low VHF+FM,
51.63,-109.75,Low VHF+FM,
51.64,-106.68,Low VHF+FM,
51.65,-107.62,Low VHF+FM,
51.66,-110.06,Low VHF+FM,
51.67,-109.06,Low VHF+FM,
51.68,-108.87,Low VHF+FM,
51.69,-110.98,Low VHF+FM,
51.70,-109.19,Low VHF+FM,
51.70,-113.14,Low VHF+FM,
51.71,-111.48,Low VHF+FM,
51.72,-108.98,Low VHF+FM,
51.73,-109.13,Low VHF+FM,
51.74,-107.20,Low VHF+FM,
51.75,-118.86,Low VHF+FM,
51.76,-107.03,Low VHF+FM,
51.77,-108.48,Low VHF+FM,
51.77,-107.73,Low VHF+FM,
51.78,-109.89,Low VHF+FM,
51.79,-108.17,Low VHF+FM,
51.80,-106.94,Low VHF+FM,
51.81,-109.23,Low VHF+FM,
51.82,-113.34,Low VHF+FM,
51.83,-106.70,Low VHF+FM,
51.83,-109.83,Low VHF+FM,
51.84,-107.13,Low VHF+FM,
51.85,-106.98,Low VHF+FM,
51.86,-110.25,Low VHF+FM,
51.87,-116.18,Low VHF+FM,
51.88,-105.56,Low VHF+FM,
51.89,-108.73,Low VHF+FM,
51.90,-110.85,Low VHF+FM,
51.90,-106.08,Low VHF+FM,
51.91,-110.83,Low VHF+FM,
51.92,-108.37,Low VHF+FM,
51.93,-108.15,Low VHF+FM,
51.94,-106.53,Low VHF+FM,
51.95,-110.81,Low VHF+FM,
51.96,-113.51,Low VHF+FM,
51.97,-113.28,Low VHF+FM,
51.97,-108.47,Low VHF+FM,
51.98,-114.05,Low VHF+FM,
51.99,-112.36,Low VHF+FM,
52.00,-109.00,Low VHF+FM,
52.01,-104.41,Low VHF+FM,
52.02,-109.51,Low VHF+FM,
52.03,-112.60,Low VHF+FM,
52.03,-106.44,Low VHF+FM,
52.04,-109.60,Low VHF+FM,
52.05,-110.46,Low VHF+FM,
52.06,-112.51,Low VHF+FM,
52.07,-108.73,Low VHF+FM,
52.08,-106.81,Low VHF+FM,
52.09,-107.01,Low VHF+FM,
52.10,-110.71,Low VHF+FM,
52.10,-105.90,Low VHF+FM,
52.11,-112.16,Low VHF+FM,
52.12,-111.64,Low VHF+FM,
52.13,-108.47,Low VHF+FM,
52.14,-116.21,Low VHF+FM,
52.15,-105.40,Low VHF+FM,
52.16,-109.37,Low VHF+FM,
52.17,-108.53,Low VHF+FM,
52.17,-114.17,Low VHF+FM,
52.18,-109.01,Low VHF+FM,
52.19,-111.01,Low VHF+FM,
52.20,-106.37,Low VHF+FM,
52.21,-109.38,Low VHF+FM,
52.22,-106.11,Low VHF+FM,
52.23,-105.95,Low VHF+FM,
52.23,-113.96,Low VHF+FM,
52.24,-108.62,Low VHF+FM,
52.25,-106.77,Low VHF+FM,
52.26,-108.13,Low VHF+FM,
52.27,-107.53,Low VHF+FM,
52.28,-105.00,Low VHF+FM,
52.29,-108.55,Low VHF+FM,
52.30,-115.15,Low VHF+FM,
52.30,-110.36,Low VHF+FM,
52.31,-105.68,Low VHF+FM,
52.32,-109.45,Low VHF+FM,
52.33,-109.94,Low VHF+FM,
52.34,-107.42,Low VHF+FM,
52.35,-111.33,Low VHF+FM,
52.36,-109.64,Low VHF+FM,
52.37,-104.39,Low VHF+FM,
52.37,-113.47,Low VHF+FM,
52.38,-111.42,Low VHF+FM,
52.39,-108.77,Low VHF+FM,
52.40,-110.14,Low VHF+FM,
52.41,-110.02,Low VHF+FM,
52.42,-109.05,Low VHF+FM,
52.43,-106.64,Low VHF+FM,
52.43,-102.94,Low VHF+FM,
52.44,-106.24,Low VHF+FM,
52.45,-112.67,Low VHF+FM,
52.46,-104.51,Low VHF+FM,
52.47,-109.59,Low VHF+FM,
52.48,-108.93,Low VHF+FM,
52.49,-108.11,Low VHF+FM,
52.50,-107.24,Low VHF+FM,
52.50,-109.79,Low VHF+FM,
52.51,-110.07,Low VHF+FM,
52.52,-105.38,Low VHF+FM,
52.53,-104.05,Low VHF+FM,
52.54,-105.63,Low VHF+FM,
52.55,-110.15,Low VHF+FM,
52.56,-102.64,Low VHF+FM,
52.57,-106.05,Low VHF+FM,
52.57,-107.72,Low VHF+FM,
52.58,-104.03,Low VHF+FM,
52.59,-109.09,Low VHF+FM,
52.60,-103.14,Low VHF+FM,
52.61,-103.55,Low VHF+FM,
52.62,-101.32,Low VHF+FM,
52.63,-105.67,Low VHF+FM,
52.63,-110.01,Low VHF+FM,
52.64,-106.81,Low VHF+FM,
52.65,-107.85,Low VHF+FM,
52.66,-107.34,Low VHF+FM,
52.67,-105.67,Low VHF+FM,
52.68,-112.32,Low VHF+FM,
52.69,-103.74,Low VHF+FM,
52.70,-101.45,Low VHF+FM,
52.70,-102.78,Low VHF+FM,
52.71,-106.75,Low VHF+FM,
52.72,-105.71,Low VHF+FM,
52.73,-104.70,Low VHF+FM,
52.74,-105.66,Low VHF+FM,
52.75,-108.22,Low VHF+FM,
52.76,-109.87,Low VHF+FM,
52.77,-103.45,Low VHF+FM,
52.77,-105.50,Low VHF+FM,
52.78,-100.61,Low VHF+FM,
52.79,-101.85,Low VHF+FM,
52.80,-103.54,Low VHF+FM,
52.81,-111.63,Low VHF+FM,
52.82,-107.39,Low VHF+FM,
52.83,-107.48,Low VHF+FM,
52.83,-107.82,Low VHF+FM,
52.84,-108.33,Low VHF+FM,
52.85,-106.55,Low VHF+FM,
52.86,-105.09,Low VHF+FM,
52.87,-106.42,Low VHF+FM,
52.88,-104.09,Low VHF+FM,
52.89,-107.27,Low VHF+FM,
52.90,-107.81,Low VHF+FM,
52.90,-101.33,Low VHF+FM,
52.91,-107.98,Low VHF+FM,
52.92,-111.16,Low VHF+FM,
52.93,-104.11,Low VHF+FM,
52.94,-105.35,Low VHF+FM,
52.95,-106.58,Low VHF+FM,
52.96,-107.47,Low VHF+FM,
52.97,-103.17,Low VHF+FM,
52.97,-108.30,Low VHF+FM,
52.98,-104.60,Low VHF+FM,
52.99,-110.28,Low VHF+FM,
53.00,-101.45,Low VHF+FM,
53.01,-102.64,Low VHF+FM,
53.02,-106.03,Low VHF+FM,
53.03,-104.61,Low VHF+FM,
53.03,-109.71,Low VHF+FM,
53.04,-109.04,Low VHF+FM,
53.05,-107.91,Low VHF+FM,
53.06,-109.68,Low VHF+FM,
53.07,-108.97,Low VHF+FM,
53.08,-101.06,Low VHF+FM,
53.09,-106.60,Low VHF+FM,
53.10,-105.07,Low VHF+FM,
53.10,-108.49,Low VHF+FM,
53.11,-107.81,Low VHF+FM,
53.12,-110.59,Low VHF+FM,
53.13,-105.50,Low VHF+FM,
53.14,-103.94,Low VHF+FM,
53.15,-111.76,Low VHF+FM,
53.16,-111.08,Low VHF+FM,
53.17,-105.64,Low VHF+FM,
53.17,-104.88,Low VHF+FM,
53.18,-108.28,Low VHF+FM,
53.19,-109.23,Low VHF+FM,
53.20,-102.61,Low VHF+FM,
53.21,-107.63,Low VHF+FM,
53.22,-103.64,Low VHF+FM,
53.23,-105.73,Low VHF+FM,
53.23,-104.98,Low VHF+FM,
53.24,-108.87,Low VHF+FM,
53.25,-105.94,Low VHF+FM,
53.26,-101.20,Low VHF+FM,
53.27,-108.64,Low VHF+FM,
53.28,-107.99,Low VHF+FM,
53.29,-105.93,Low VHF+FM,
53.30,-105.63,Low VHF+FM,
53.30,-104.24,Low VHF+FM,
53.31,-108.76,Low VHF+FM,
53.32,-107.01,Low VHF+FM,
53.33,-102.40,Low VHF+FM,
53.34,-108.92,Low VHF+FM,
53.35,-106.06,Low VHF+FM,
53.36,-103.76,Low VHF+FM,
53.37,-113.52,Low VHF+FM,
53.37,-110.14,Low VHF+FM,
53.38,-106.01,Low VHF+FM,
53.39,-102.47,Low VHF+FM,
53.40,-104.69,Low VHF+FM,
53.41,-109.66,Low VHF+FM,
53.42,-104.57,Low VHF+FM,
53.43,-108.05,Low VHF+FM,
53.43,-107.56,Low VHF+FM,
53.44,-107.68,Low VHF+FM,
53.45,-107.04,Low VHF+FM,
53.46,-105.35,Low VHF+FM,
53.47,-101.26,Low VHF+FM,
53.48,-104.10,Low VHF+FM,
53.49,-101.90,Low VHF+FM,
53.50,-109.38,Low VHF+FM,
53.50,-106.33,Low VHF+FM,
53.51,-105.76,Low VHF+FM,
53.52,-104.68,Low VHF+FM,
53.53,-105.66,Low VHF+FM,
53.54,-106.06,Low VHF+FM,
53.55,-108.68,Low VHF+FM,
53.56,-104.84,Low VHF+FM,
53.57,-109.25,Low VHF+FM,
53.57,-105.69,Low VHF+FM,
53.58,-109.08,Low VHF+FM,
53.59,-104.90,Low VHF+FM,
53.60,-104.23,Low VHF+FM,
53.61,-109.31,Low VHF+FM,
53.62,-105.99,Low VHF+FM,
53.63,-108.01,Low VHF+FM,
53.63,-107.59,Low VHF+FM,
53.64,-110.63,Low VHF+FM,
53.65,-104.34,Low VHF+FM,
53.66,-104.48,Low VHF+FM,
53.67,-101.87,Low VHF+FM,
53.68,-110.20,Low VHF+FM,
53.69,-105.87,Low VHF+FM,
53.70,-105.48,Low VHF+FM,
53.70,-101.97,Low VHF+FM,
53.71,-105.20,Low VHF+FM,
53.72,-105.98,Low VHF+FM,
53.73,-107.81,Low VHF+FM,
53.74,-101.93,Low VHF+FM,
53.75,-100.77,Low VHF+FM,
53.76,-102.71,Low VHF+FM,
53.77,-100.66,Low VHF+FM,
53.77,-108.19,Low VHF+FM,
53.78,-103.48,Low VHF+FM,
53.79,-105.52,Low VHF+FM,
53.80,-108.79,Low VHF+FM,
53.81,-106.20,Low VHF+FM,
53.82,-108.77,Low VHF+FM,
53.83,-111.54,Low VHF+FM,
53.83,-107.32,Low VHF+FM,
53.84,-105.99,Low VHF+FM,
53.85,-110.73,Low VHF+FM,
53.86,-103.78,Low VHF+FM,
53.87,-112.32,Low VHF+FM,
53.88,-102.51,Low VHF+FM,
53.89,-105.35,Low VHF+FM,
53.90,-101.06,Low VHF+FM,
53.90,-107.24,Low VHF+FM,
53.91,-106.96,Low VHF+FM,
53.92,-110.33,Low VHF+FM,
53.93,-103.55,Low VHF+FM,
53.94,-104.47,Low VHF+FM,
53.95,-102.90,Low VHF+FM,
53.96,-109.28,Low VHF+FM,
53.97,-105.66,Low VHF+FM,
53.97,-113.30,Low VHF+FM,
53.98,-108.61,Low VHF+FM,
53.99,-107.48,Low VHF+FM,
54.00,-102.26,Low VHF+FM,
54.00,-107.26,Low VHF+FM,
54.01,-108.12,Low VHF+FM,
54.02,-108.37,Low VHF+FM,
54.03,-104.06,Low VHF+FM,
54.03,-105.02,Low VHF+FM,
54.04,-102.35,Low VHF+FM,
54.05,-108.61,Low VHF+FM,
54.06,-105.79,Low VHF+FM,
54.07,-111.84,Low VHF+FM,
54.08,-111.86,Low VHF+FM,
54.09,-107.16,Low VHF+FM,
54.10,-104.35,Low VHF+FM,
54.10,-104.75,Low VHF+FM,
54.11,-110.18,Low VHF+FM,
54.12,-110.69,Low VHF+FM,
54.13,-100.34,Low VHF+FM,
54.14,-105.56,Low VHF+FM,
54.15,-103.05,Low VHF+FM,
54.16,-105.44,Low VHF+FM,
54.17,-114.18,Low VHF+FM,
54.17,-103.98,Low VHF+FM,
54.18,-105.01,Low VHF+FM,
54.19,-112.97,Low VHF+FM,
54.20,-105.80,Low VHF+FM,
54.21,-108.87,Low VHF+FM,
54.22,-105.36,Low VHF+FM,
54.23,-101.70,Low VHF+FM,
54.23,-104.63,Low VHF+FM,
54.24,-102.90,Low VHF+FM,
54.25,-106.50,Low VHF+FM,
54.26,-105.19,Low VHF+FM,
54.27,-103.48,Low VHF+FM,
54.28,-113.53,Low VHF+FM,
54.29,-102.82,Low VHF+FM,
54.30,-107.00,Low VHF+FM,
54.30,-107.57,Low VHF+FM,
54.31,-108.33,Low VHF+FM,
54.32,-109.34,Low VHF+FM,
54.33,-111.77,Low VHF+FM,
54.34,-108.55,Low VHF+FM,
54.35,-114.69,Low VHF+FM,
54.36,-100.86,Low VHF+FM,
54.37,-109.24,Low VHF+FM,
54.37,-108.45,Low VHF+FM,
54.38,-105.71,Low VHF+FM,
54.39,-103.89,Low VHF+FM,
54.40,-105.85,Low VHF+FM,
54.41,-110.61,Low VHF+FM,
54.42,-102.90,Low VHF+FM,
54.43,-108.75,Low VHF+FM,
54.43,-105.67,Low VHF+FM,
54.44,-109.37,Low VHF+FM,
54.45,-111.99,Low VHF+FM,
54.46,-105.01,Low VHF+FM,
54.47,-105.40,Low VHF+FM,
54.48,-108.87,Low VHF+FM,
54.49,-113.25,Low VHF+FM,
54.50,-108.42,Low VHF+FM,
54.50,-105.37,Low VHF+FM,
54.51,-105.99,Low VHF+FM,
54.52,-107.54,Low VHF+FM,
54.53,-106.50,Low VHF+FM,
54.54,-107.96,Low VHF+FM,
54.55,-107.98,Low VHF+FM,
54.56,-105.19,Low VHF+FM,
54.57,-109.32,Low VHF+FM,
54.57,-111.52,Low VHF+FM,
54.58,-108.01,Low VHF+FM,
54.59,-109.02,Low VHF+FM,
54.60,-106.57,Low VHF+FM,
54.61,-107.76,Low VHF+FM,
54.62,-106.42,Low VHF+FM,
54.63,-110.92,Low VHF+FM,
54.63,-109.50,Low VHF+FM,
54.64,-104.35,Low VHF+FM,
54.65,-107.44,Low VHF+FM,
54.66,-106.99,Low VHF+FM,
54.67,-107.28,Low VHF+FM,
54.68,-111.36,Low VHF+FM,
54.69,-109.37,Low VHF+FM,
54.70,-109.73,Low VHF+FM,
54.70,-109.36,Low VHF+FM,
54.71,-107.57,Low VHF+FM,
54.72,-105.42,Low VHF+FM,
54.73,-104.77,Low VHF+FM,
54.74,-104.96,Low VHF+FM,
54.75,-112.21,Low VHF+FM,
54.76,-107.46,Low VHF+FM,
54.77,-109.99,Low VHF+FM,
54.77,-111.50,Low VHF+FM,
54.78,-113.60,Low VHF+FM,
54.79,-99.91,Low VHF+FM,
54.80,-107.01,Low VHF+FM,
54.81,-103.91,Low VHF+FM,
54.82,-106.10,Low VHF+FM,
54.83,-113.18,Low VHF+FM,
54.83,-108.48,Low VHF+FM,
54.84,-105.64,Low VHF+FM,
54.85,-110.97,Low VHF+FM,
54.86,-109.14,Low VHF+FM,
54.87,-107.86,Low VHF+FM,
54.88,-109.08,Low VHF+FM,
54.89,-108.60,Low VHF+FM,
54.90,-110.09,Low VHF+FM,
54.90,-111.27,Low VHF+FM,
54.91,-110.30,Low VHF+FM,
54.92,-108.63,Low VHF+FM,
54.93,-108.45,Low VHF+FM,
54.94,-106.94,Low VHF+FM,
54.95,-107.96,Low VHF+FM,
54.96,-109.10,Low VHF+FM,
54.97,-105.19,Low VHF+FM,
54.97,-109.56,Low VHF+FM,
54.98,-110.15,Low VHF+FM,
54.99,-110.84,Low VHF+FM,
55.00,-108.21,Low VHF+FM,
55.01,-107.87,Low VHF+FM,
55.02,-107.24,Low VHF+FM,
55.03,-110.46,Low VHF+FM,
55.03,-106.92,Low VHF+FM,
55.04,-108.38,Low VHF+FM,
55.05,-106.55,Low VHF+FM,
55.06,-105.96,Low VHF+FM,
55.07,-105.79,Low VHF+FM,
55.08,-109.47,Low VHF+FM,
55.09,-107.01,Low VHF+FM,
55.10,-104.83,Low VHF+FM,
55.10,-112.53,Low VHF+FM,
55.11,-109.75,Low VHF+FM,
55.12,-106.84,Low VHF+FM,
55.13,-111.41,Low VHF+FM,
55.14,-108.75,Low VHF+FM,
55.15,-107.66,Low VHF+FM,
55.16,-107.24,Low VHF+FM,
55.17,-110.08,Low VHF+FM,
55.17,-112.15,Low VHF+FM,
55.18,-111.43,Low VHF+FM,
55.19,-106.67,Low VHF+FM,
55.20,-104.96,Low VHF+FM,
55.21,-109.87,Low VHF+FM,
55.22,-107.79,Low VHF+FM,
55.23,-109.86,Low VHF+FM,
55.23,-109.34,Low VHF+FM,
55.24,-108.38,Low VHF+FM,
55.25,-108.88,Low VHF+FM,
55.26,-107.91,Low VHF+FM,
55.27,-110.78,Low VHF+FM,
55.28,-107.24,Low VHF+FM,
55.29,-108.48,Low VHF+FM,
55.30,-104.80,Low VHF+FM,
55.30,-111.17,Low VHF+FM,
55.31,-108.65,Low VHF+FM,
55.32,-102.78,Low VHF+FM,
55.33,-106.54,Low VHF+FM,
55.34,-105.71,Low VHF+FM,
55.35,-107.86,Low VHF+FM,
55.36,-108.27,Low VHF+FM,
55.37,-107.40,Low VHF+FM,
55.37,-104.99,Low VHF+FM,
55.38,-111.95,Low VHF+FM,
55.39,-107.33,Low VHF+FM,
55.40,-102.85,Low VHF+FM,
55.41,-111.72,Low VHF+FM,
55.42,-106.10,Low VHF+FM,
55.43,-108.87,Low VHF+FM,
55.43,-103.97,Low VHF+FM,
55.44,-106.08,Low VHF+FM,
55.45,-105.56,Low VHF+FM,
55.46,-105.75,Low VHF+FM,
55.47,-113.79,Low VHF+FM,
55.48,-106.84,Low VHF+FM,
55.49,-105.81,Low VHF+FM,
55.50,-111.67,Low VHF+FM,
55.50,-105.09,Low VHF+FM,
55.51,-112.08,Low VHF+FM,
55.52,-106.26,Low VHF+FM,
55.53,-104.70,Low VHF+FM,
55.54,-109.00,Low VHF+FM,
55.55,-106.22,Low VHF+FM,
55.56,-114.25,Low VHF+FM,
55.57,-109.46,Low VHF+FM,
55.57,-110.23,Low VHF+FM,
55.58,-107.69,Low VHF+FM,
55.59,-106.63,Low VHF+FM,
55.60,-111.72,Low VHF+FM,
55.61,-109.08,Low VHF+FM,
55.62,-107.97,Low VHF+FM,
55.63,-104.55,Low VHF+FM,
55.63,-108.40,Low VHF+FM,
55.64,-107.43,Low VHF+FM,
55.65,-105.69,Low VHF+FM,
55.66,-113.76,Low VHF+FM,
55.67,-116.40,Low VHF+FM,
55.68,-111.15,Low VHF+FM,
55.69,-110.82,Low VHF+FM,
55.70,-103.08,Low VHF+FM,
55.70,-109.49,Low VHF+FM,
55.71,-108.56,Low VHF+FM,
55.72,-108.21,Low VHF+FM,
55.73,-116.73,Low VHF+FM,
55.74,-106.62,Low VHF+FM,
55.75,-110.11,Low VHF+FM,
55.76,-107.64,Low VHF+FM,
55.77,-109.78,Low VHF+FM,
55.77,-109.00,Low VHF+FM,
55.78,-110.91,Low VHF+FM,
55.79,-109.58,Low VHF+FM,
55.80,-109.75,Low VHF+FM,
55.81,-108.35,Low VHF+FM,
55.82,-107.08,Low VHF+FM,
55.83,-110.07,Low VHF+FM,
55.83,-111.49,Low VHF+FM,
55.84,-105.72,Low VHF+FM,
55.85,-109.81,Low VHF+FM,
55.86,-109.08,Low VHF+FM,
55.87,-109.99,Low VHF+FM,
55.88,-106.06,Low VHF+FM,
55.89,-108.48,Low VHF+FM,
55.90,-108.96,Low VHF+FM,
55.90,-108.84,Low VHF+FM,
55.91,-110.42,Low VHF+FM,
55.92,-103.63,Low VHF+FM,
55.93,-104.05,Low VHF+FM,
55.94,-110.40,Low VHF+FM,
55.95,-106.59,Low VHF+FM,
55.96,-111.30,Low VHF+FM,
55.97,-110.37,Low VHF+FM,
55.97,-110.81,Low VHF+FM,
55.98,-112.11,Low VHF+FM,
55.99,-107.22,Low VHF+FM,
56.00,-109.41,Low VHF+FM,
56.01,-109.11,Low VHF+FM,
56.02,-104.06,Low VHF+FM,
56.03,-110.62,Low VHF+FM,
56.03,-106.44,Low VHF+FM,
56.04,-109.00,Low VHF+FM,
56.05,-103.04,Low VHF+FM,
56.06,-113.23,Low VHF+FM,
56.07,-111.34,Low VHF+FM,
56.08,-111.67,Low VHF+FM,
56.09,-107.89,Low VHF+FM,
56.10,-107.21,Low VHF+FM,
56.10,-108.74,Low VHF+FM,
56.11,-112.23,Low VHF+FM,
56.12,-114.60,Low VHF+FM,
56.13,-108.63,Low VHF+FM,
56.14,-107.96,Low VHF+FM,
56.15,-110.54,Low VHF+FM,
56.16,-111.47,Low VHF+FM,
56.17,-108.70,Low VHF+FM,
56.17,-108.96,Low VHF+FM,
56.18,-109.27,Low VHF+FM,
56.19,-109.48,Low VHF+FM,
56.20,-111.13,Low VHF+FM,
56.21,-111.39,Low VHF+FM,
56.22,-111.43,Low VHF+FM,
56.23,-116.84,Low VHF+FM,
56.23,-109.72,Low VHF+FM,
56.24,-112.07,Low VHF+FM,
56.25,-110.65,Low VHF+FM,
56.26,-109.14,Low VHF+FM,
56.27,-107.34,Low VHF+FM,
56.28,-106.77,Low VHF+FM,
56.29,-109.74,Low VHF+FM,
56.30,-114.05,Low VHF+FM,
56.30,-108.05,Low VHF+FM,
56.31,-114.12,Low VHF+FM,
56.32,-111.11,Low VHF+FM,
56.33,-109.74,Low VHF+FM,
56.34,-116.42,Low VHF+FM,
56.35,-107.94,Low VHF+FM,
56.36,-109.63,Low VHF+FM,
56.37,-109.00,Low VHF+FM,
56.37,-107.64,Low VHF+FM,
56.38,-111.29,Low VHF+FM,
56.39,-112.92,Low VHF+FM,
56.40,-111.28,Low VHF+FM,
56.41,-107.63,Low VHF+FM,
56.42,-112.18,Low VHF+FM,
56.43,-113.50,Low VHF+FM,
56.43,-111.50,Low VHF+FM,
56.44,-103.44,Low VHF+FM,
56.45,-108.06,Low VHF+FM,
56.46,-108.38,Low VHF+FM,
56.47,-107.23,Low VHF+FM,
56.48,-111.54,Low VHF+FM,
56.49,-107.08,Low VHF+FM,
56.50,-109.08,Low VHF+FM,
56.50,-111.20,Low VHF+FM,
56.51,-110.93,Low VHF+FM,
56.52,-106.30,Low VHF+FM,
56.53,-115.29,Low VHF+FM,
56.54,-108.30,Low VHF+FM,
56.55,-107.58,Low VHF+FM,
56.56,-113.07,Low VHF+FM,
56.57,-112.63,Low VHF+FM,
56.57,-115.57,Low VHF+FM,
56.58,-107.42,Low VHF+FM,
56.59,-109.20,Low VHF+FM,
56.60,-109.56,Low VHF+FM,
56.61,-113.37,Low VHF+FM,
56.62,-109.90,Low VHF+FM,
56.63,-109.06,Low VHF+FM,
56.63,-108.41,Low VHF+FM,
56.64,-106.85,Low VHF+FM,
56.65,-110.59,Low VHF+FM,
56.66,-116.29,Low VHF+FM,
56.67,-111.58,Low VHF+FM,
56.68,-114.76,Low VHF+FM,
56.69,-109.30,Low VHF+FM,
56.70,-110.82,Low VHF+FM,
56.70,-115.29,Low VHF+FM,
56.71,-116.85,Low VHF+FM,
56.72,-113.29,Low VHF+FM,
56.73,-108.17,Low VHF+FM,
56.74,-109.87,Low VHF+FM,
56.75,-107.38,Low VHF+FM,
56.76,-109.00,Low VHF+FM,
56.77,-112.99,Low VHF+FM,
56.77,-105.88,Low VHF+FM,
56.78,-113.41,Low VHF+FM,
56.79,-112.24,Low VHF+FM,
56.80,-112.06,Low VHF+FM,
56.81,-110.43,Low VHF+FM,
56.82,-105.22,Low VHF+FM,
56.83,-104.52,Low VHF+FM,
56.83,-110.77,Low VHF+FM,
56.84,-107.36,Low VHF+FM,
56.85,-111.25,Low VHF+FM,
56.86,-108.27,Low VHF+FM,
56.87,-108.02,Low VHF+FM,
56.88,-109.40,Low VHF+FM,
56.89,-107.64,Low VHF+FM,
56.90,-106.61,Low VHF+FM,
56.90,-109.41,Low VHF+FM,
56.91,-107.78,Low VHF+FM,
56.92,-111.36,Low VHF+FM,
56.93,-107.54,Low VHF+FM,
56.94,-108.30,Low VHF+FM,
56.95,-104.19,Low VHF+FM,
56.96,-112.36,Low VHF+FM,
56.97,-109.46,Low VHF+FM,
56.97,-115.26,Low VHF+FM,
56.98,-114.06,Low VHF+FM,
56.99,-109.25,Low VHF+FM,
57.00,-109.99,Low VHF+FM,
57.01,-104.24,Low VHF+FM,
57.02,-113.80,Low VHF+FM,
57.03,-109.10,Low VHF+FM,
57.03,-111.94,Low VHF+FM,
57.04,-110.84,Low VHF+FM,
57.05,-113.39,Low VHF+FM,
57.06,-106.89,Low VHF+FM,
57.07,-104.25,Low VHF+FM,
57.08,-106.25,Low VHF+FM,
57.09,-110.51,Low VHF+FM,
57.10,-112.73,Low VHF+FM,
57.10,-110.30,Low VHF+FM,
57.11,-108.89,Low VHF+FM,
57.12,-107.48,Low VHF+FM,
57.13,-107.25,Low VHF+FM,
57.14,-110.73,Low VHF+FM,
57.15,-108.37,Low VHF+FM,
57.16,-107.70,Low VHF+FM,
57.17,-109.82,Low VHF+FM,
57.17,-108.76,Low VHF+FM,
57.18,-108.98,Low VHF+FM,
57.19,-107.68,Low VHF+FM,
57.20,-109.60,Low VHF+FM,
57.21,-109.08,Low VHF+FM,
57.22,-112.73,Low VHF+FM,
57.23,-109.19,Low VHF+FM,
57.23,-108.96,Low VHF+FM,
57.24,-107.83,Low VHF+FM,
57.25,-107.43,Low VHF+FM,
57.26,-110.58,Low VHF+FM,
57.27,-108.02,Low VHF+FM,
57.28,-109.83,Low VHF+FM,
57.29,-109.18,Low VHF+FM,
57.30,-109.99,Low VHF+FM,
57.30,-104.12,Low VHF+FM,
57.31,-107.73,Low VHF+FM,
57.32,-106.82,Low VHF+FM,
57.33,-110.71,Low VHF+FM,
57.34,-113.40,Low VHF+FM,
57.35,-111.90,Low VHF+FM,
57.36,-111.66,Low VHF+FM,
57.37,-111.42,Low VHF+FM,
57.37,-111.42,Low VHF+FM,
57.38,-114.24,Low VHF+FM,
57.39,-113.33,Low VHF+FM,
57.40,-111.38,Low VHF+FM,
57.41,-107.21,Low VHF+FM,
57.42,-111.47,Low VHF+FM,
57.43,-111.55,Low VHF+FM,
57.43,-111.26,Low VHF+FM,
57.44,-108.35,Low VHF+FM,
57.45,-109.91,Low VHF+FM,
57.46,-108.34,Low VHF+FM,
57.47,-109.27,Low VHF+FM,
57.48,-106.92,Low VHF+FM,
57.49,-114.48,Low VHF+FM,
57.50,-116.04,Low VHF+FM,
57.50,-104.86,Low VHF+FM,
57.51,-108.20,Low VHF+FM,
57.52,-111.41,Low VHF+FM,
57.53,-106.96,Low VHF+FM,
57.54,-108.73,Low VHF+FM,
57.55,-110.23,Low VHF+FM,
57.56,-106.90,Low VHF+FM,
57.57,-105.49,Low VHF+FM,
57.57,-113.48,Low VHF+FM,
57.58,-108.75,Low VHF+FM,
57.59,-109.46,Low VHF+FM,
57.60,-107.59,Low VHF+FM,
57.61,-110.38,Low VHF+FM,
57.62,-103.77,Low VHF+FM,
57.63,-108.47,Low VHF+FM,
57.63,-105.43,Low VHF+FM,
57.64,-110.47,Low VHF+FM,
57.65,-112.50,Low VHF+FM,
57.66,-108.59,Low VHF+FM,
57.67,-106.75,Low VHF+FM,
57.68,-108.13,Low VHF+FM,
57.69,-108.89,Low VHF+FM,
57.70,-103.94,Low VHF+FM,
57.70,-112.04,Low VHF+FM,
57.71,-105.59,Low VHF+FM,
57.72,-106.47,Low VHF+FM,
57.73,-111.84,Low VHF+FM,
57.74,-114.54,Low VHF+FM,
57.75,-109.56,Low VHF+FM,
57.76,-112.58,Low VHF+FM,
57.77,-112.11,Low VHF+FM,
57.77,-112.01,Low VHF+FM,
57.78,-108.08,Low VHF+FM,
57.79,-112.23,Low VHF+FM,
57.80,-109.73,Low VHF+FM,
57.81,-109.96,Low VHF+FM,
57.82,-107.47,Low VHF+FM,
57.83,-107.60,Low VHF+FM,
57.83,-114.72,Low VHF+FM,
57.84,-113.20,Low VHF+FM,
57.85,-112.88,Low VHF+FM,
57.86,-108.69,Low VHF+FM,
57.87,-109.62,Low VHF+FM,
57.88,-109.53,Low VHF+FM,
57.89,-108.94,Low VHF+FM,
57.90,-106.22,Low VHF+FM,
57.90,-110.98,Low VHF+FM,
57.91,-105.95,Low VHF+FM,
57.92,-110.22,Low VHF+FM,
57.93,-109.72,Low VHF+FM,
57.94,-106.10,Low VHF+FM,
57.95,-107.58,Low VHF+FM,
57.96,-104.53,Low VHF+FM,
57.97,-109.65,Low VHF+FM,
57.97,-114.19,Low VHF+FM,
57.98,-107.33,Low VHF+FM,
57.99,-109.93,Low VHF+FM,
58.00,-108.11,Low VHF+FM,
58.00,-112.32,Low VHF+FM,
58.01,-107.96,Low VHF+FM,
58.02,-107.88,Low VHF+FM,
58.03,-109.89,Low VHF+FM,
58.03,-105.62,Low VHF+FM,
58.04,-108.28,Low VHF+FM,
58.05,-113.93,Low VHF+FM,
58.06,-111.42,Low VHF+FM,
58.07,-111.69,Low VHF+FM,
58.08,-105.42,Low VHF+FM,
58.09,-109.20,Low VHF+FM,
58.10,-106.33,Low VHF+FM,
58.10,-104.92,Low VHF+FM,
58.11,-113.68,Low VHF+FM,
58.12,-110.05,Low VHF+FM,
58.13,-110.15,Low VHF+FM,
58.14,-108.35,Low VHF+FM,
58.15,-108.22,Low VHF+FM,
58.16,-108.30,Low VHF+FM,
58.17,-114.58,Low VHF+FM,
58.17,-109.79,Low VHF+FM,
58.18,-106.34,Low VHF+FM,
58.19,-105.92,Low VHF+FM,
58.20,-107.83,Low VHF+FM,
58.21,-107.16,Low VHF+FM,
58.22,-106.74,Low VHF+FM,
58.23,-108.15,Low VHF+FM,
58.23,-111.21,Low VHF+FM,
58.24,-108.28,Low VHF+FM,
58.25,-109.95,Low VHF+FM,
58.26,-117.57,Low VHF+FM,
58.27,-114.21,Low VHF+FM,
58.28,-109.49,Low VHF+FM,
58.29,-112.51,Low VHF+FM,
58.30,-115.68,Low VHF+FM,
58.30,-111.23,Low VHF+FM,
58.31,-112.32,Low VHF+FM,
58.32,-107.96,Low VHF+FM,
58.33,-111.10,Low VHF+FM,
58.34,-106.31,Low VHF+FM,
58.35,-109.32,Low VHF+FM,
58.36,-104.68,Low VHF+FM,
58.37,-106.44,Low VHF+FM,
58.37,-114.74,Low VHF+FM,
58.38,-109.48,Low VHF+FM,
58.39,-108.17,Low VHF+FM,
58.40,-110.75,Low VHF+FM,
58.41,-106.53,Low VHF+FM,
58.42,-107.42,Low VHF+FM,
58.43,-107.24,Low VHF+FM,
58.43,-107.24,Low VHF+FM,
58.44,-105.82,Low VHF+FM,
58.45,-105.16,Low VHF+FM,
58.46,-105.27,Low VHF+FM,
58.47,-107.45,Low VHF+FM,
58.48,-107.67,Low VHF+FM,
58.49,-112.48,Low VHF+FM,
58.50,-107.69,Low VHF+FM,
58.50,-106.28,Low VHF+FM,
58.51,-109.44,Low VHF+FM,
58.52,-110.41,Low VHF+FM,
58.53,-110.79,Low VHF+FM,
58.54,-105.92,Low VHF+FM,
58.55,-104.16,Low VHF+FM,
58.56,-107.65,Low VHF+FM,
58.57,-107.48,Low VHF+FM,
58.57,-105.43,Low VHF+FM,
58.58,-109.98,Low VHF+FM,
58.59,-105.86,Low VHF+FM,
58.60,-112.95,Low VHF+FM,
58.61,-107.27,Low VHF+FM,
58.62,-109.87,Low VHF+FM,
58.63,-110.10,Low VHF+FM,
58.63,-112.67,Low VHF+FM,
58.64,-110.16,Low VHF+FM,
58.65,-116.31,Low VHF+FM,
58.66,-107.76,Low VHF+FM,
58.67,-106.19,Low VHF+FM,
58.68,-112.12,Low VHF+FM,
58.69,-107.49,Low VHF+FM,
58.70,-110.99,Low VHF+FM,
58.70,-107.84,Low VHF+FM,
58.71,-111.43,Low VHF+FM,
58.72,-109.57,Low VHF+FM,
58.73,-109.50,Low VHF+FM,
58.74,-108.64,Low VHF+FM,
58.75,-109.18,Low VHF+FM,
58.76,-109.68,Low VHF+FM,
58.77,-107.49,Low VHF+FM,
58.77,-108.87,Low VHF+FM,
58.78,-106.76,Low VHF+FM,
58.79,-108.31,Low VHF+FM,
58.80,-108.91,Low VHF+FM,
58.81,-109.70,Low VHF+FM,
58.82,-106.57,Low VHF+FM,
58.83,-105.91,Low VHF+FM,
58.83,-105.55,Low VHF+FM,
58.84,-107.54,Low VHF+FM,
58.85,-108.49,Low VHF+FM,
58.86,-106.16,Low VHF+FM,
58.87,-106.41,Low VHF+FM,
58.88,-108.95,Low VHF+FM,
58.89,-105.98,Low VHF+FM,
58.90,-106.12,Low VHF+FM,
58.90,-106.21,Low VHF+FM,
58.91,-107.76,Low VHF+FM,
58.92,-106.33,Low VHF+FM,
58.93,-104.86,Low VHF+FM,
58.94,-111.19,Low VHF+FM,
58.95,-107.16,Low VHF+FM,
58.96,-110.09,Low VHF+FM,
58.97,-113.41,Low VHF+FM,
58.97,-109.14,Low VHF+FM,
58.98,-110.66,Low VHF+FM,
58.99,-104.50,Low VHF+FM,
59.00,-104.68,Low VHF+FM,
59.01,-108.43,Low VHF+FM,
59.02,-108.28,Low VHF+FM,
59.03,-104.47,Low VHF+FM,
59.03,-107.32,Low VHF+FM,
59.04,-107.15,Low VHF+FM,
59.05,-103.97,Low VHF+FM,
59.06,-108.76,Low VHF+FM,
59.07,-108.09,Low VHF+FM,
59.08,-105.02,Low VHF+FM,
59.09,-103.54,Low VHF+FM,
59.10,-108.00,Low VHF+FM,
59.10,-102.94,Low VHF+FM,
59.11,-112.62,Low VHF+FM,
59.12,-109.72,Low VHF+FM,
59.13,-110.89,Low VHF+FM,
59.14,-107.37,Low VHF+FM,
59.15,-108.77,Low VHF+FM,
59.16,-107.54,Low VHF+FM,
59.17,-109.05,Low VHF+FM,
59.17,-107.41,Low VHF+FM,
59.18,-106.08,Low VHF+FM,
59.19,-109.47,Low VHF+FM,
59.20,-109.32,Low VHF+FM,
59.21,-108.47,Low VHF+FM,
59.22,-104.88,Low VHF+FM,
59.23,-107.45,Low VHF+FM,
59.23,-110.59,Low VHF+FM,
59.24,-107.53,Low VHF+FM,
59.25,-109.54,Low VHF+FM,
59.26,-108.89,Low VHF+FM,
59.27,-106.19,Low VHF+FM,
59.28,-109.20,Low VHF+FM,
59.29,-107.22,Low VHF+FM,
59.30,-109.88,Low VHF+FM,
59.30,-111.36,Low VHF+FM,
59.31,-111.71,Low VHF+FM,
59.32,-105.73,Low VHF+FM,
59.33,-108.47,Low VHF+FM,
59.34,-105.23,Low VHF+FM,
59.35,-109.88,Low VHF+FM,
59.36,-110.65,Low VHF+FM,
59.37,-114.11,Low VHF+FM,
59.37,-108.57,Low VHF+FM,
59.38,-111.88,Low VHF+FM,
59.39,-105.79,Low VHF+FM,
59.40,-109.65,Low VHF+FM,
59.41,-107.24,Low VHF+FM,
59.42,-105.66,Low VHF+FM,
59.43,-108.39,Low VHF+FM,
59.43,-108.52,Low VHF+FM,
59.44,-112.13,Low VHF+FM,
59.45,-107.40,Low VHF+FM,
59.46,-109.26,Low VHF+FM,
59.47,-115.30,Low VHF+FM,
59.48,-113.92,Low VHF+FM,
59.49,-108.08,Low VHF+FM,
59.50,-112.61,Low VHF+FM,
59.50,-106.98,Low VHF+FM,
59.51,-114.96,Low VHF+FM,
59.52,-113.31,Low VHF+FM,
59.53,-107.94,Low VHF+FM,
59.54,-109.04,Low VHF+FM,
59.55,-107.06,Low VHF+FM,
59.56,-108.99,Low VHF+FM,
59.57,-102.73,Low VHF+FM,
59.57,-111.41,Low VHF+FM,
59.58,-109.28,Low VHF+FM,
59.59,-109.71,Low VHF+FM,
59.60,-107.39,Low VHF+FM,
59.61,-115.36,Low VHF+FM,
59.62,-109.49,Low VHF+FM,
59.63,-112.76,Low VHF+FM,
59.63,-108.55,Low VHF+FM,
59.64,-106.90,Low VHF+FM,
59.65,-105.13,Low VHF+FM,
59.66,-110.57,Low VHF+FM,
59.67,-102.83,Low VHF+FM,
59.68,-107.08,Low VHF+FM,
59.69,-108.34,Low VHF+FM,
59.70,-104.19,Low VHF+FM,
59.70,-104.93,Low VHF+FM,
59.71,-108.95,Low VHF+FM,
59.72,-107.05,Low VHF+FM,
59.73,-110.76,Low VHF+FM,
59.74,-105.89,Low VHF+FM,
59.75,-108.49,Low VHF+FM,
59.76,-103.72,Low VHF+FM,
59.77,-109.26,Low VHF+FM,
59.77,-100.32,Low VHF+FM,
59.78,-102.77,Low VHF+FM,
59.79,-104.38,Low VHF+FM,
59.80,-105.28,Low VHF+FM,
59.81,-103.84,Low VHF+FM,
59.82,-104.27,Low VHF+FM,
59.83,-117.73,Low VHF+FM,
59.83,-103.75,Low VHF+FM,
59.84,-101.37,Low VHF+FM,
59.85,-105.70,Low VHF+FM,
59.86,-103.21,Low VHF+FM,
59.87,-102.31,Low VHF+FM,
59.88,-106.83,Low VHF+FM,
59.89,-100.79,Low VHF+FM,
59.90,-104.15,Low VHF+FM,
59.90,-98.84,Low VHF+FM,
59.91,-103.33,Low VHF+FM,
59.92,-105.19,Low VHF+FM,
59.93,-105.38,Low VHF+FM,
59.94,-104.13,Low VHF+FM,
59.95,-100.84,Low VHF+FM,
59.96,-104.34,Low VHF+FM,
59.97,-101.95,Low VHF+FM,
59.97,-109.58,Low VHF+FM,
59.98,-102.60,Low VHF+FM,
59.99,-102.23,Low VHF+FM,
60.00,-101.31,Low VHF+FM,
60.01,-108.01,Low VHF+FM,
60.02,-106.43,Low VHF+FM,
60.03,-102.57,Low VHF+FM,
60.03,-101.94,Low VHF+FM,
60.04,-104.59,Low VHF+FM,
60.05,-104.05,Low VHF+FM,
60.06,-104.43,Low VHF+FM,
60.07,-100.27,Low VHF+FM,
60.08,-102.43,Low VHF+FM,
60.09,-108.18,Low VHF+FM,
60.10,-107.45,Low VHF+FM,
60.10,-102.95,Low VHF+FM,
60.11,-102.67,Low VHF+FM,
60.12,-102.99,Low VHF+FM,
60.13,-103.29,Low VHF+FM,
60.14,-106.64,Low VHF+FM,
60.15,-103.72,Low VHF+FM,
60.16,-105.68,Low VHF+FM,
60.17,-101.20,Low VHF+FM,
60.17,-108.16,Low VHF+FM,
60.18,-103.83,Low VHF+FM,
60.19,-102.32,Low VHF+FM,
60.20,-100.41,Low VHF+FM,
60.21,-107.81,Low VHF+FM,
60.22,-102.32,Low VHF+FM,
60.23,-103.09,Low VHF+FM,
60.23,-101.68,Low VHF+FM,
60.24,-103.65,Low VHF+FM,
60.25,-100.58,Low VHF+FM,
60.26,-104.49,Low VHF+FM,
60.27,-100.04,Low VHF+FM,
60.28,-106.70,Low VHF+FM,
60.29,-105.07,Low VHF+FM,
60.30,-107.17,Low VHF+FM,
60.30,-101.83,Low VHF+FM,
60.31,-102.62,Low VHF+FM,
60.32,-107.17,Low VHF+FM,
60.33,-104.78,Low VHF+FM,
60.34,-103.57,Low VHF+FM,
60.35,-103.00,Low VHF+FM,
60.36,-106.90,Low VHF+FM,
60.37,-106.12,Low VHF+FM,
60.37,-105.48,Low VHF+FM,
60.38,-103.99,Low VHF+FM,
60.39,-107.18,Low VHF+FM,
60.40,-106.03,Low VHF+FM,
60.41,-105.19,Low VHF+FM,
60.42,-108.16,Low VHF+FM,
60.43,-107.18,Low VHF+FM,
60.43,-104.11,Low VHF+FM,
60.44,-107.10,Low VHF+FM,
60.45,-102.01,Low VHF+FM,
60.46,-101.10,Low VHF+FM,
60.47,-100.73,Low VHF+FM,
60.48,-101.99,Low VHF+FM,
60.49,-107.14,Low VHF+FM,
60.50,-106.59,Low VHF+FM,
60.50,-106.37,Low VHF+FM,
60.51,-103.35,Low VHF+FM,
60.52,-109.24,Low VHF+FM,
60.53,-110.37,Low VHF+FM,
60.54,-107.81,Low VHF+FM,
60.55,-109.67,Low VHF+FM,
60.56,-109.38,Low VHF+FM,
60.57,-109.34,Low VHF+FM,
60.57,-108.20,Low VHF+FM,
60.58,-107.93,Low VHF+FM,
60.59,-103.73,Low VHF+FM,
60.60,-108.28,Low VHF+FM,
60.61,-106.77,Low VHF+FM,
60.62,-105.76,Low VHF+FM,
60.63,-102.92,Low VHF+FM,
60.63,-103.24,Low VHF+FM,
60.64,-103.91,Low VHF+FM,
60.65,-106.72,Low VHF+FM,
60.66,-110.10,Low VHF+FM,
60.67,-108.79,Low VHF+FM,
60.68,-112.79,Low VHF+FM,
60.69,-108.55,Low VHF+FM,
60.70,-105.89,Low VHF+FM,
60.70,-105.59,Low VHF+FM,
60.71,-108.77,Low VHF+FM,
60.72,-105.57,Low VHF+FM,
60.73,-107.57,Low VHF+FM,
60.74,-102.36,Low VHF+FM,
60.75,-103.07,Low VHF+FM,
60.76,-103.98,Low VHF+FM,
60.77,-100.34,Low VHF+FM,
60.77,-105.54,Low VHF+FM,
60.78,-116.05,Low VHF+FM,
60.79,-106.48,Low VHF+FM,
60.80,-99.55,Low VHF+FM,
60.81,-101.73,Low VHF+FM,
60.82,-100.02,Low VHF+FM,
60.83,-107.29,Low VHF+FM,
60.83,-104.91,Low VHF+FM,
60.84,-106.02,Low VHF+FM,
60.85,-109.09,Low VHF+FM,
60.86,-109.76,Low VHF+FM,
60.87,-109.62,Low VHF+FM,
60.88,-108.78,Low VHF+FM,
60.89,-105.54,Low VHF+FM,
60.90,-110.34,Low VHF+FM,
60.90,-100.41,Low VHF+FM,
60.91,-105.44,Low VHF+FM,
60.92,-100.89,Low VHF+FM,
60.93,-106.46,Low VHF+FM,
60.94,-101.88,Low VHF+FM,
60.95,-110.59,Low VHF+FM,
60.96,-102.70,Low VHF+FM,
60.97,-107.09,Low VHF+FM,
60.97,-104.41,Low VHF+FM,
60.98,-101.82,Low VHF+FM,
60.99,-108.76,Low VHF+FM,
61.00,-109.41,Low VHF+FM,
61.01,-107.66,Low VHF+FM,
61.02,-104.62,Low VHF+FM,
61.03,-106.21,Low VHF+FM,
61.03,-100.27,Low VHF+FM,
61.04,-105.14,Low VHF+FM,
61.05,-103.81,Low VHF+FM,
61.06,-107.57,Low VHF+FM,
61.07,-105.93,Low VHF+FM,
61.08,-103.46,Low VHF+FM,
61.09,-104.11,Low VHF+FM,
61.10,-111.61,Low VHF+FM,
61.10,-102.24,Low VHF+FM,
61.11,-98.73,Low VHF+FM,
61.12,-99.45,Low VHF+FM,
61.13,-111.44,Low VHF+FM,
61.14,-106.89,Low VHF+FM,
61.15,-104.68,Low VHF+FM,
61.16,-102.34,Low VHF+FM,
61.17,-107.40,Low VHF+FM,
61.17,-101.30,Low VHF+FM,
61.18,-104.38,Low VHF+FM,
61.19,-107.26,Low VHF+FM,
61.20,-103.39,Low VHF+FM,
61.21,-101.87,Low VHF+FM,
61.22,-105.34,Low VHF+FM,
61.23,-104.23,Low VHF+FM,
61.23,-105.14,Low VHF+FM,
61.24,-103.07,Low VHF+FM,
61.25,-105.49,Low VHF+FM,
61.26,-104.10,Low VHF+FM,
61.27,-108.76,Low VHF+FM,
61.28,-101.25,Low VHF+FM,
61.29,-97.92,Low VHF+FM,
61.30,-100.55,Low VHF+FM,
61.30,-101.13,Low VHF+FM,
61.31,-103.59,Low VHF+FM,
61.32,-107.51,Low VHF+FM,
61.33,-105.56,Low VHF+FM,
61.34,-109.87,Low VHF+FM,
61.35,-106.77,Low VHF+FM,
61.36,-101.60,Low VHF+FM,
61.37,-103.40,Low VHF+FM,
61.37,-101.31,Low VHF+FM,
61.38,-106.66,Low VHF+FM,
61.39,-108.50,Low VHF+FM,
61.40,-108.30,Low VHF+FM,
61.41,-104.66,Low VHF+FM,
61.42,-101.37,Low VHF+FM,
61.43,-107.22,Low VHF+FM,
61.43,-99.89,Low VHF+FM,
61.44,-108.36,Low VHF+FM,
61.45,-102.44,Low VHF+FM,
61.46,-101.53,Low VHF+FM,
61.47,-96.00,Low VHF+FM,
61.48,-95.54,Low VHF+FM,
61.49,-95.71,Low VHF+FM,
61.50,-100.55,Low VHF+FM,
61.50,-105.92,Low VHF+FM,
61.51,-111.84,Low VHF+FM,
61.52,-103.17,Low VHF+FM,
61.53,-103.21,Low VHF+FM,
61.54,-103.60,Low VHF+FM,
61.55,-102.07,Low VHF+FM,
61.56,-109.17,Low VHF+FM,
61.57,-106.95,Low VHF+FM,
61.57,-107.30,Low VHF+FM,
61.58,-105.33,Low VHF+FM,
61.59,-104.44,Low VHF+FM,
61.60,-107.91,Low VHF+FM,
61.61,-99.98,Low VHF+FM,
61.62,-102.46,Low VHF+FM,
61.63,-106.23,Low VHF+FM,
61.63,-106.02,Low VHF+FM,
61.64,-101.35,Low VHF+FM,
61.65,-98.54,Low VHF+FM,
61.66,-95.17,Low VHF+FM,
61.67,-96.19,Low VHF+FM,
61.68,-98.81,Low VHF+FM,
61.69,-99.41,Low VHF+FM,
61.70,-113.23,Low VHF+FM,
61.70,-107.78,Low VHF+FM,
61.71,-102.40,Low VHF+FM,
61.72,-102.38,Low VHF+FM,
61.73,-107.09,Low VHF+FM,
61.74,-109.39,Low VHF+FM,
61.75,-104.87,Low VHF+FM,
61.76,-112.22,Low VHF+FM,
61.77,-106.44,Low VHF+FM,
61.77,-99.92,Low VHF+FM,
61.78,-104.05,Low VHF+FM,
61.79,-101.66,Low VHF+FM,
61.80,-108.66,Low VHF+FM,
61.81,-103.71,Low VHF+FM,
61.82,-106.85,Low VHF+FM,
61.83,-100.08,Low VHF+FM,
61.83,-99.93,Low VHF+FM,
61.84,-97.03,Low VHF+FM,
61.85,-96.93,Low VHF+FM,
61.86,-103.47,Low VHF+FM,
61.87,-96.92,Low VHF+FM,
61.88,-106.49,Low VHF+FM,
61.89,-106.89,Low VHF+FM,
61.90,-104.83,Low VHF+FM,
61.90,-103.87,Low VHF+FM,
61.91,-101.45,Low VHF+FM,
61.92,-101.73,Low VHF+FM,
61.93,-106.04,Low VHF+FM,
61.94,-98.92,Low VHF+FM,
61.95,-99.23,Low VHF+FM,
61.96,-107.83,Low VHF+FM,
61.97,-106.18,Low VHF+FM,
61.97,-99.07,Low VHF+FM,
61.98,-100.32,Low VHF+FM,
61.99,-104.79,Low VHF+FM,
62.00,-109.29,Low VHF+FM,
